GeneID,log2FoldChange,padj,Symbol,Description,Taxonomic Name,Common Name,Gene Type,Gene Group Identifier,Gene Group Method,Chromosomes,Nomenclature ID,Ensembl GeneIDs,Annotation Genomic Range Accession,Annotation Genomic Range Start,Annotation Genomic Range Stop,OMIM IDs,Orientation,Synonyms,Taxonomic ID,SwissProt Accessions
121909346,2.0056472919222323,1.4650701187453392e-170,dad1,defender against cell death 1,Thunnus maccoyii,southern bluefin tuna,PROTEIN_CODING,1603,NCBI Ortholog,12,NA,NA,NC_056544.1,6897714,6900442,NA,minus,NA,8240,NA
121890107,2.6299120782998293,9.974596935836905e-130,camk2d1,calcium/calmodulin-dependent protein kinase (CaM kinase) II delta 1,Thunnus maccoyii,southern bluefin tuna,PROTEIN_CODING,445208,NCBI Ortholog,22,NA,NA,NC_056554.1,2898431,3008158,NA,minus,NA,8240,NA
121903761,2.5031408331690583,2.4686988589783442e-107,pcna,proliferating cell nuclear antigen,Thunnus maccoyii,southern bluefin tuna,PROTEIN_CODING,5111,NCBI Ortholog,9,NA,NA,NC_056541.1,12576146,12581410,NA,minus,NA,8240,NA
121901324,2.527284917233029,2.651984702629379e-104,slc7a11,solute carrier family 7 member 11,Thunnus maccoyii,southern bluefin tuna,PROTEIN_CODING,23657,NCBI Ortholog,8,NA,NA,NC_056540.1,2482106,2535090,NA,minus,NA,8240,NA
121897694,7.16823396077096,1.0409379828678899e-101,slc5a7a,solute carrier family 5 member 7a,Thunnus maccoyii,southern bluefin tuna,PROTEIN_CODING,100005589,NCBI Ortholog,1,NA,NA,NC_056533.1,25345553,25353097,NA,plus,NA,8240,NA
121907217,3.944876217584328,6.263766791289726e-101,itgb2,"integrin, beta 2",Thunnus maccoyii,southern bluefin tuna,PROTEIN_CODING,557797,NCBI Ortholog,11,NA,NA,NC_056543.1,33114034,33139685,NA,minus,NA,8240,NA
121881404,2.08313797811611,1.6652731644077066e-90,plekhh1,"pleckstrin homology domain containing, family H (with MyTH4 domain) member 1",Thunnus maccoyii,southern bluefin tuna,PROTEIN_CODING,57475,NCBI Ortholog,16,NA,NA,NC_056548.1,9154822,9192426,NA,minus,NA,8240,NA
121903719,5.9406725790418,3.5042213749338476e-83,bicdl1,BICD family like cargo adaptor 1,Thunnus maccoyii,southern bluefin tuna,PROTEIN_CODING,92558,NCBI Ortholog,9,NA,NA,NC_056541.1,30301593,30323140,NA,plus,NA,8240,NA
121904884,3.4459948237107416,1.6278013214493646e-77,LOC121904884,tumor necrosis factor receptor superfamily member 11B-like,Thunnus maccoyii,southern bluefin tuna,PROTEIN_CODING,NA,NA,10,NA,NA,NC_056542.1,21304550,21327185,NA,minus,NA,8240,NA
121888914,2.8336682351425027,5.950460184017431e-74,dock11,dedicator of cytokinesis 11,Thunnus maccoyii,southern bluefin tuna,PROTEIN_CODING,139818,NCBI Ortholog,22,NA,NA,NC_056554.1,5514015,5581456,NA,minus,NA,8240,NA
121908120,3.616395464672825,4.002261477222122e-73,tmeff1a,transmembrane protein with EGF-like and two follistatin-like domains 1a,Thunnus maccoyii,southern bluefin tuna,PROTEIN_CODING,570409,NCBI Ortholog,12,NA,NA,NC_056544.1,30154841,30257698,NA,minus,NA,8240,NA
121894558,2.795220988773954,6.852856587655567e-71,LOC121894558,integrin alpha-5-like,Thunnus maccoyii,southern bluefin tuna,PROTEIN_CODING,NA,NA,3,NA,NA,NC_056535.1,5625426,5673453,NA,minus,NA,8240,NA
121904868,2.2205362083436904,8.230356670860868e-70,nkd2b,NKD inhibitor of WNT signaling pathway 2b,Thunnus maccoyii,southern bluefin tuna,PROTEIN_CODING,85409,NCBI Ortholog,10,NA,NA,NC_056542.1,17973461,17998414,NA,plus,NA,8240,NA
121888515,2.1544465658958543,6.981490291804943e-69,pdcd6,programmed cell death 6,Thunnus maccoyii,southern bluefin tuna,PROTEIN_CODING,10016,NCBI Ortholog,21,NA,NA,NC_056553.1,18030703,18049939,NA,minus,NA,8240,NA
121888439,2.70258718480049,1.3328350436381047e-67,itgb1a,"integrin, beta 1a",Thunnus maccoyii,southern bluefin tuna,PROTEIN_CODING,3688,NCBI Ortholog,21,NA,NA,NC_056553.1,21452515,21481344,NA,plus,NA,8240,NA
121886257,2.6522574527115874,1.058746960579517e-66,shroom3,shroom family member 3,Thunnus maccoyii,southern bluefin tuna,PROTEIN_CODING,57619,NCBI Ortholog,19,NA,NA,NC_056551.1,3728537,3804489,NA,plus,NA,8240,NA
121892115,6.691852982392301,1.2221442231829893e-62,slitrk6,"SLIT and NTRK-like family, member 6",Thunnus maccoyii,southern bluefin tuna,PROTEIN_CODING,84189,NCBI Ortholog,24,NA,NA,NC_056556.1,13739128,13755859,NA,plus,NA,8240,NA
121906924,2.2538929273430206,5.67130364169599e-62,LOC121906924,LIM and senescent cell antigen-like-containing domain protein 1,Thunnus maccoyii,southern bluefin tuna,PROTEIN_CODING,NA,NA,11,NA,NA,NC_056543.1,12825278,12858283,NA,minus,NA,8240,NA
121900274,2.3261180267476185,9.727157850299515e-62,ect2,epithelial cell transforming 2,Thunnus maccoyii,southern bluefin tuna,PROTEIN_CODING,1894,NCBI Ortholog,7,NA,NA,NC_056539.1,3138148,3195693,NA,plus,NA,8240,NA
121894536,6.88443598193309,5.198110127243054e-60,lmcd1,LIM and cysteine-rich domains 1,Thunnus maccoyii,southern bluefin tuna,PROTEIN_CODING,29995,NCBI Ortholog,3,NA,NA,NC_056535.1,29425703,29444217,NA,minus,NA,8240,NA
121896070,2.3280879501362004,9.097993372629428e-60,efhd2,"EF-hand domain family, member D2",Thunnus maccoyii,southern bluefin tuna,PROTEIN_CODING,79180,NCBI Ortholog,4,NA,NA,NC_056536.1,1075359,1088149,NA,minus,NA,8240,NA
121890690,2.149480550449187,4.277082157992627e-58,creld2,cysteine-rich with EGF-like domains 2,Thunnus maccoyii,southern bluefin tuna,PROTEIN_CODING,79174,NCBI Ortholog,23,NA,NA,NC_056555.1,9598472,9603957,NA,plus,NA,8240,NA
121894846,2.004191488369007,9.559206245449294e-58,shisa4,shisa family member 4,Thunnus maccoyii,southern bluefin tuna,PROTEIN_CODING,149345,NCBI Ortholog,3,NA,NA,NC_056535.1,23347421,23356640,NA,plus,NA,8240,NA
121896675,2.5136854752450315,1.3428968313730704e-56,cd44b,CD44 molecule (Indian blood group) b,Thunnus maccoyii,southern bluefin tuna,PROTEIN_CODING,100330801,NCBI Ortholog,5,NA,NA,NC_056537.1,22589941,22602781,NA,plus,NA,8240,NA
121905417,2.1753507760949478,3.0899095189669553e-56,LOC121905417,ATPase family AAA domain-containing protein 2-like,Thunnus maccoyii,southern bluefin tuna,PROTEIN_CODING,NA,NA,10,NA,NA,NC_056542.1,25141931,25159922,NA,plus,NA,8240,NA
121910762,2.595881467769405,2.2937364944032185e-55,rhogb,ras homolog family member Gb,Thunnus maccoyii,southern bluefin tuna,PROTEIN_CODING,391,NCBI Ortholog,13,NA,NA,NC_056545.1,1257380,1275368,NA,minus,NA,8240,NA
121887722,10.860272844430558,6.326745571191405e-53,LOC121887722,lectin-like,Thunnus maccoyii,southern bluefin tuna,PROTEIN_CODING,NA,NA,21,NA,NA,NC_056553.1,9090407,9091902,NA,minus,NA,8240,NA
121886935,2.1292402094700225,3.572892034400347e-51,fam114a1,family with sequence similarity 114 member A1,Thunnus maccoyii,southern bluefin tuna,PROTEIN_CODING,92689,NCBI Ortholog,2,NA,NA,NC_056534.1,19644774,19658001,NA,minus,NA,8240,NA
121909672,2.2899258870490917,6.699265421118394e-48,LOC121909672,stromal interaction molecule 1-like,Thunnus maccoyii,southern bluefin tuna,PROTEIN_CODING,NA,NA,13,NA,NA,NC_056545.1,1280096,1320446,NA,plus,NA,8240,NA
121900434,2.1854443992504504,1.0014822941157147e-46,firrm,fignl1 interacting regulator of recombination and mitosis,Thunnus maccoyii,southern bluefin tuna,PROTEIN_CODING,55732,NCBI Ortholog,7,NA,NA,NC_056539.1,13963087,13976902,NA,plus,c7h1orf112,8240,NA
121890457,4.062287818718838,1.4611323976956274e-46,megf6b,multiple EGF-like-domains 6b,Thunnus maccoyii,southern bluefin tuna,PROTEIN_CODING,557764,NCBI Ortholog,3,NA,NA,NC_056535.1,21114940,21178505,NA,minus,NA,8240,NA
121913767,3.7356331876415836,1.3089625049175326e-45,fhl3b,four and a half LIM domains 3b,Thunnus maccoyii,southern bluefin tuna,PROTEIN_CODING,555053,NCBI Ortholog,15,NA,NA,NC_056547.1,10064213,10088598,NA,minus,NA,8240,NA
121888367,7.340763993444331,2.0333989318698972e-44,LOC121888367,lectin-like,Thunnus maccoyii,southern bluefin tuna,PROTEIN_CODING,NA,NA,21,NA,NA,NC_056553.1,9077140,9079365,NA,minus,NA,8240,NA
121895868,2.6293872927751667,2.806193772714055e-43,acap3a,"ArfGAP with coiled-coil, ankyrin repeat and PH domains 3a",Thunnus maccoyii,southern bluefin tuna,PROTEIN_CODING,116983,NCBI Ortholog,4,NA,NA,NC_056536.1,27643329,27725615,NA,plus,NA,8240,NA
121893285,3.0362906150012443,1.221404423606031e-42,fam210b,family with sequence similarity 210 member B,Thunnus maccoyii,southern bluefin tuna,PROTEIN_CODING,116151,NCBI Ortholog,3,NA,NA,NC_056535.1,23078320,23088418,NA,minus,NA,8240,NA
121891146,3.011879485573626,1.7013340851364294e-41,LOC121891146,endosome/lysosome-associated apoptosis and autophagy regulator family member 2-like,Thunnus maccoyii,southern bluefin tuna,PROTEIN_CODING,NA,NA,23,NA,NA,NC_056555.1,19549193,19569292,NA,plus,NA,8240,NA
121908932,2.212393978684897,1.2679762633890461e-40,LOC121908932,immunoglobulin kappa light chain-like,Thunnus maccoyii,southern bluefin tuna,PROTEIN_CODING,NA,NA,12,NA,NA,NC_056544.1,30724916,30740010,NA,minus,NA,8240,NA
121912879,2.2407376232164236,1.5834809868371994e-40,LOC121912879,tetratricopeptide repeat protein 31-like,Thunnus maccoyii,southern bluefin tuna,PROTEIN_CODING,NA,NA,2,NA,NA,NC_056534.1,5687149,5710802,NA,plus,NA,8240,NA
121905945,3.2045402953505504,2.2827192484689434e-40,cd83,CD83 molecule,Thunnus maccoyii,southern bluefin tuna,PROTEIN_CODING,561001,NCBI Ortholog,10,NA,NA,NC_056542.1,3218722,3227790,NA,minus,NA,8240,NA
121885921,3.2966712069457604,1.532696663976014e-39,glis3,GLIS family zinc finger 3,Thunnus maccoyii,southern bluefin tuna,PROTEIN_CODING,571000,NCBI Ortholog,19,NA,NA,NC_056551.1,15155718,15169748,NA,plus,NA,8240,NA
121902564,2.4210165303478175,2.520447947433258e-38,slc43a3b,solute carrier family 43 member 3b,Thunnus maccoyii,southern bluefin tuna,PROTEIN_CODING,556206,NCBI Ortholog,8,NA,NA,NC_056540.1,17576532,17594578,NA,plus,NA,8240,NA
121898124,4.329799600195685,5.156794977768455e-38,wnt7bb,"wingless-type MMTV integration site family, member 7Bb",Thunnus maccoyii,southern bluefin tuna,PROTEIN_CODING,100148840,NCBI Ortholog,5,NA,NA,NC_056537.1,10847038,10878675,NA,minus,NA,8240,NA
121897578,2.412380833847709,1.6590633204019814e-37,kif18a,kinesin family member 18A,Thunnus maccoyii,southern bluefin tuna,PROTEIN_CODING,81930,NCBI Ortholog,1,NA,NA,NC_056533.1,24455579,24487036,NA,plus,NA,8240,NA
121896964,4.581522686835845,1.702068453262007e-37,slc25a18,solute carrier family 25 member 18,Thunnus maccoyii,southern bluefin tuna,PROTEIN_CODING,568740,NCBI Ortholog,5,NA,NA,NC_056537.1,25909024,25922869,NA,minus,NA,8240,NA
121881287,3.245321376417795,3.291748635152846e-37,slc25a21,solute carrier family 25 member 21,Thunnus maccoyii,southern bluefin tuna,PROTEIN_CODING,89874,NCBI Ortholog,16,NA,NA,NC_056548.1,9041127,9151870,NA,minus,NA,8240,NA
121911963,5.749408787270648,3.754817668886755e-37,grem2a,"gremlin 2, DAN family BMP antagonist a",Thunnus maccoyii,southern bluefin tuna,PROTEIN_CODING,100002201,NCBI Ortholog,14,NA,NA,NC_056546.1,12062626,12070204,NA,minus,NA,8240,NA
121894498,2.8062056222931373,5.0586836581500254e-36,camk1b,calcium/calmodulin-dependent protein kinase Ib,Thunnus maccoyii,southern bluefin tuna,PROTEIN_CODING,794026,NCBI Ortholog,3,NA,NA,NC_056535.1,13578403,13614081,NA,plus,NA,8240,NA
121883416,2.2486075759639985,7.25105121104641e-36,glis2b,GLIS family zinc finger 2b,Thunnus maccoyii,southern bluefin tuna,PROTEIN_CODING,84662,NCBI Ortholog,18,NA,NA,NC_056550.1,15563090,15592532,NA,plus,NA,8240,NA
121885409,2.1830341645187006,1.1133741197723247e-34,slc27a6,solute carrier family 27 member 6,Thunnus maccoyii,southern bluefin tuna,PROTEIN_CODING,28965,NCBI Ortholog,19,NA,NA,NC_056551.1,1204689,1246336,NA,plus,NA,8240,NA
121896699,3.1542885125316014,1.8142731618758254e-34,cspg4,chondroitin sulfate proteoglycan 4,Thunnus maccoyii,southern bluefin tuna,PROTEIN_CODING,1464,NCBI Ortholog,5,NA,NA,NC_056537.1,9282299,9353269,NA,minus,NA,8240,NA
121901064,3.1032560286669932,2.49810465146903e-34,tie1,tyrosine kinase with immunoglobulin-like and EGF-like domains 1,Thunnus maccoyii,southern bluefin tuna,PROTEIN_CODING,7075,NCBI Ortholog,7,NA,NA,NC_056539.1,26078403,26101728,NA,plus,NA,8240,NA
121882338,2.6549021740957053,2.640940443723532e-34,abracl,ABRA C-terminal like,Thunnus maccoyii,southern bluefin tuna,PROTEIN_CODING,58527,NCBI Ortholog,17,NA,NA,NC_056549.1,23116934,23123391,NA,plus,NA,8240,NA
121890824,4.38713481554472,2.237762728157743e-32,tmtc1,transmembrane O-mannosyltransferase targeting cadherins 1,Thunnus maccoyii,southern bluefin tuna,PROTEIN_CODING,83857,NCBI Ortholog,23,NA,NA,NC_056555.1,2913875,3068585,NA,minus,NA,8240,NA
121896396,4.537139200213801,2.6364260171292054e-32,wnt10b,"wingless-type MMTV integration site family, member 10b",Thunnus maccoyii,southern bluefin tuna,PROTEIN_CODING,7480,NCBI Ortholog,4,NA,NA,NC_056536.1,17105737,17128033,NA,plus,NA,8240,NA
121899990,2.4728703359326074,7.350878249052016e-32,uhrf1,ubiquitin-like with PHD and ring finger domains 1,Thunnus maccoyii,southern bluefin tuna,PROTEIN_CODING,29128,NCBI Ortholog,7,NA,NA,NC_056539.1,21653208,21668855,NA,minus,NA,8240,NA
121899890,2.8940398058938612,6.712876822360994e-31,fam174c,family with sequence similarity 174 member C,Thunnus maccoyii,southern bluefin tuna,PROTEIN_CODING,55009,NCBI Ortholog,7,NA,NA,NC_056539.1,35004283,35009895,NA,minus,NA,8240,NA
121894633,2.3544982103190257,9.839567203059503e-31,wnt7aa,"wingless-type MMTV integration site family, member 7Aa",Thunnus maccoyii,southern bluefin tuna,PROTEIN_CODING,7476,NCBI Ortholog,3,NA,NA,NC_056535.1,3910729,3926785,NA,plus,NA,8240,NA
121896397,5.061913090062774,1.190194853578919e-30,wnt1,"wingless-type MMTV integration site family, member 1",Thunnus maccoyii,southern bluefin tuna,PROTEIN_CODING,7471,NCBI Ortholog,4,NA,NA,NC_056536.1,17115310,17121059,NA,minus,NA,8240,NA
121908045,2.271274037708899,3.6746784641993146e-30,kif2c,kinesin family member 2C,Thunnus maccoyii,southern bluefin tuna,PROTEIN_CODING,11004,NCBI Ortholog,12,NA,NA,NC_056544.1,14875384,14883473,NA,minus,NA,8240,NA
121880714,3.497989371410078,7.665947091589891e-30,rab11fip5a,RAB11 family interacting protein 5a (class I),Thunnus maccoyii,southern bluefin tuna,PROTEIN_CODING,562719,NCBI Ortholog,16,NA,NA,NC_056548.1,6093176,6129484,NA,minus,NA,8240,NA
121900138,3.2658885867576446,7.967293683236272e-30,LOC121900138,adhesion G-protein coupled receptor D2,Thunnus maccoyii,southern bluefin tuna,PROTEIN_CODING,101884238,NCBI Ortholog,7,NA,NA,NC_056539.1,20589817,20688787,NA,minus,NA,8240,NA
121910251,3.1712019983686512,8.727521029398771e-30,LOC121910251,four and a half LIM domains protein 1-like,Thunnus maccoyii,southern bluefin tuna,PROTEIN_CODING,NA,NA,13,NA,NA,NC_056545.1,14692763,14709910,NA,minus,NA,8240,NA
121900246,2.4624332022017343,6.698696066749055e-28,kif14,kinesin family member 14,Thunnus maccoyii,southern bluefin tuna,PROTEIN_CODING,9928,NCBI Ortholog,7,NA,NA,NC_056539.1,20689905,20711676,NA,minus,NA,8240,NA
121910571,3.8283088084466415,3.857421204621314e-27,dnajb13,DnaJ heat shock protein family (Hsp40) member B13,Thunnus maccoyii,southern bluefin tuna,PROTEIN_CODING,374407,NCBI Ortholog,13,NA,NA,NC_056545.1,22271654,22274735,NA,plus,NA,8240,NA
121913745,2.5229906341081603,4.482351634033023e-27,paqr7a,"progestin and adipoQ receptor family member VII, a",Thunnus maccoyii,southern bluefin tuna,PROTEIN_CODING,798104,NCBI Ortholog,15,NA,NA,NC_056547.1,25894214,25900245,NA,minus,NA,8240,NA
121913574,2.3547563802332823,2.1969427848033627e-26,cdca8,cell division cycle associated 8,Thunnus maccoyii,southern bluefin tuna,PROTEIN_CODING,55143,NCBI Ortholog,15,NA,NA,NC_056547.1,10263428,10269671,NA,plus,NA,8240,NA
121897076,4.389348735783041,4.077373313911634e-26,itga11b,"integrin, alpha 11b",Thunnus maccoyii,southern bluefin tuna,PROTEIN_CODING,567175,NCBI Ortholog,5,NA,NA,NC_056537.1,4533218,4581472,NA,plus,NA,8240,NA
121888787,2.218821237184503,2.458170723475999e-25,rgs12a,regulator of G protein signaling 12a,Thunnus maccoyii,southern bluefin tuna,PROTEIN_CODING,570516,NCBI Ortholog,22,NA,NA,NC_056554.1,12385293,12423367,NA,plus,NA,8240,NA
121896647,5.405045412416034,4.668523088943126e-25,sema3d,"sema domain, immunoglobulin domain (Ig), short basic domain, secreted, (semaphorin) 3D",Thunnus maccoyii,southern bluefin tuna,PROTEIN_CODING,223117,NCBI Ortholog,5,NA,NA,NC_056537.1,19133412,19164937,NA,plus,NA,8240,NA
121896408,2.635248236949267,7.667307128063962e-25,LOC121896408,NUAK family SNF1-like kinase 1,Thunnus maccoyii,southern bluefin tuna,PROTEIN_CODING,NA,NA,4,NA,NA,NC_056536.1,19491003,19505258,NA,plus,NA,8240,NA
121887578,2.2442577763630482,1.4949932206037452e-24,cep55l,centrosomal protein 55 like,Thunnus maccoyii,southern bluefin tuna,PROTEIN_CODING,55165,NCBI Ortholog,20,NA,NA,NC_056552.1,14278306,14290349,NA,plus,NA,8240,NA
121909474,2.7427587481573266,1.8030452880197963e-24,cdc20,cell division cycle 20 homolog,Thunnus maccoyii,southern bluefin tuna,PROTEIN_CODING,991,NCBI Ortholog,12,NA,NA,NC_056544.1,15542154,15545896,NA,minus,NA,8240,NA
121909774,2.212657263893247,3.764324475551084e-24,kif20a,kinesin family member 20A,Thunnus maccoyii,southern bluefin tuna,PROTEIN_CODING,10112,NCBI Ortholog,13,NA,NA,NC_056545.1,20187019,20195731,NA,plus,NA,8240,NA
121902419,3.1356492010506667,5.747594009072879e-23,rgs14b,regulator of G protein signaling 14b,Thunnus maccoyii,southern bluefin tuna,PROTEIN_CODING,100003648,NCBI Ortholog,8,NA,NA,NC_056540.1,15033631,15045928,NA,minus,NA,8240,NA
121892644,2.63898673389915,7.852595325701741e-23,prc1b,protein regulator of cytokinesis 1b,Thunnus maccoyii,southern bluefin tuna,PROTEIN_CODING,9055,NCBI Ortholog,1,NA,NA,NC_056533.1,35517802,35527919,NA,minus,NA,8240,NA
121889154,2.2702276497120857,6.990327854428793e-22,tnfsf10l,"TNF superfamily member 10, like",Thunnus maccoyii,southern bluefin tuna,PROTEIN_CODING,114466,NCBI Ortholog,22,NA,NA,NC_056554.1,19404397,19473695,NA,plus,NA,8240,NA
121880772,2.395415689328636,5.075263602394459e-21,orc3,"origin recognition complex, subunit 3",Thunnus maccoyii,southern bluefin tuna,PROTEIN_CODING,23595,NCBI Ortholog,16,NA,NA,NC_056548.1,14705464,14712102,NA,minus,NA,8240,NA
121890209,2.5481322582575867,6.171234821033666e-21,nuf2,UF2 component of NDC80 kinetochore complex,Thunnus maccoyii,southern bluefin tuna,PROTEIN_CODING,83540,NCBI Ortholog,3,NA,NA,NC_056535.1,4475046,4481009,NA,minus,NA,8240,NA
121905040,2.245731676115287,1.3670178017488496e-20,cdc6,cell division cycle 6 homolog (S. cerevisiae),Thunnus maccoyii,southern bluefin tuna,PROTEIN_CODING,990,NCBI Ortholog,2,NA,NA,NC_056534.1,4364030,4371412,NA,minus,NA,8240,NA
121897209,2.422217321317303,6.731774268323938e-20,LOC121897209,protein regulator of cytokinesis 1-like,Thunnus maccoyii,southern bluefin tuna,PROTEIN_CODING,NA,NA,5,NA,NA,NC_056537.1,14834909,14840660,NA,minus,NA,8240,NA
121912521,9.600750652903438,1.2110324410064908e-19,heyl,hes related family bHLH transcription factor with YRPW motif like,Thunnus maccoyii,southern bluefin tuna,PROTEIN_CODING,335134,NCBI Ortholog,15,NA,NA,NC_056547.1,22691895,22695645,NA,plus,NA,8240,NA
121905754,8.851251806324974,1.5279169118206907e-19,id4,inhibitor of DNA binding 4,Thunnus maccoyii,southern bluefin tuna,PROTEIN_CODING,3400,NCBI Ortholog,10,NA,NA,NC_056542.1,29570823,29574333,NA,minus,NA,8240,NA
121901399,2.0781789684999463,2.4834888403524884e-19,pttg1,"PTTG1 regulator of sister chromatid separation, securin",Thunnus maccoyii,southern bluefin tuna,PROTEIN_CODING,100307086,NCBI Ortholog,8,NA,NA,NC_056540.1,21648753,21652172,NA,minus,NA,8240,NA
121882153,2.2281647765568766,1.113245243303958e-18,nsl1,NSL1 component of MIS12 kinetochore complex,Thunnus maccoyii,southern bluefin tuna,PROTEIN_CODING,25936,NCBI Ortholog,17,NA,NA,NC_056549.1,4257293,4262469,NA,plus,NA,8240,NA
121888061,2.1362059635447097,1.3807205421792422e-18,cip2a,cellular inhibitor of PP2A,Thunnus maccoyii,southern bluefin tuna,PROTEIN_CODING,57650,NCBI Ortholog,21,NA,NA,NC_056553.1,3875516,3895909,NA,plus,NA,8240,NA
121897776,3.778439270704613,2.804121734077915e-18,smad6b,SMAD family member 6b,Thunnus maccoyii,southern bluefin tuna,PROTEIN_CODING,4091,NCBI Ortholog,5,NA,NA,NC_056537.1,15842254,15862917,NA,minus,NA,8240,NA
121895477,2.7406973870369153,3.98341805095169e-18,aldh1a2,"aldehyde dehydrogenase 1 family, member A2",Thunnus maccoyii,southern bluefin tuna,PROTEIN_CODING,8854,NCBI Ortholog,1,NA,NA,NC_056533.1,20601945,20628986,NA,minus,NA,8240,NA
121882337,2.067142678419773,1.2127791805347825e-17,fam89a,family with sequence similarity 89 member A,Thunnus maccoyii,southern bluefin tuna,PROTEIN_CODING,375061,NCBI Ortholog,17,NA,NA,NC_056549.1,24808384,24824683,NA,plus,NA,8240,NA
121893887,2.535619527151858,1.3327906339104599e-17,nuak2,"NUAK family, SNF1-like kinase, 2",Thunnus maccoyii,southern bluefin tuna,PROTEIN_CODING,81788,NCBI Ortholog,3,NA,NA,NC_056535.1,17402368,17411898,NA,minus,NA,8240,NA
121909305,2.0703276768470955,1.5612017317220278e-17,kirrel1b,kirre like nephrin family adhesion molecule 1b,Thunnus maccoyii,southern bluefin tuna,PROTEIN_CODING,100170816,NCBI Ortholog,12,NA,NA,NC_056544.1,24640707,24717778,NA,minus,NA,8240,NA
121891055,2.7731428610315625,3.336604553902336e-17,orc5,"origin recognition complex, subunit 5",Thunnus maccoyii,southern bluefin tuna,PROTEIN_CODING,5001,NCBI Ortholog,23,NA,NA,NC_056555.1,17251643,17263470,NA,minus,NA,8240,NA
121908880,2.1176522163340956,5.0411936183446245e-17,snai2,snail family zinc finger 2,Thunnus maccoyii,southern bluefin tuna,PROTEIN_CODING,6591,NCBI Ortholog,12,NA,NA,NC_056544.1,18003857,18005509,NA,minus,NA,8240,NA
121911180,2.0169289312163152,8.079111510545348e-17,kif11,kinesin family member 11,Thunnus maccoyii,southern bluefin tuna,PROTEIN_CODING,3832,NCBI Ortholog,14,NA,NA,NC_056546.1,2031206,2046824,NA,minus,NA,8240,NA
121887319,2.0322258419321098,9.70315980657599e-17,rac3b,Rac family small GTPase 3b,Thunnus maccoyii,southern bluefin tuna,PROTEIN_CODING,795167,NCBI Ortholog,20,NA,NA,NC_056552.1,26707547,26720189,NA,plus,NA,8240,NA
121909689,2.226251570075419,1.553701884082662e-16,LOC121909689,adhesion G-protein coupled receptor G2,Thunnus maccoyii,southern bluefin tuna,PROTEIN_CODING,101883602,NCBI Ortholog,13,NA,NA,NC_056545.1,19891480,19914126,NA,minus,NA,8240,NA
121891698,2.65658317533543,1.844163531271791e-15,LOC121891698,organic cation transporter-like protein,Thunnus maccoyii,southern bluefin tuna,PROTEIN_CODING,566640,NCBI Ortholog,24,NA,NA,NC_056556.1,1479539,1491946,NA,minus,NA,8240,NA
121909695,2.216428586982806,1.1201069273645515e-14,orai2,ORAI calcium release-activated calcium modulator 2,Thunnus maccoyii,southern bluefin tuna,PROTEIN_CODING,555612,NCBI Ortholog,13,NA,NA,NC_056545.1,3168640,3180428,NA,minus,NA,8240,NA
121908516,2.4416274379619436,2.366419054813004e-14,prg4a,proteoglycan 4a,Thunnus maccoyii,southern bluefin tuna,PROTEIN_CODING,336351,NCBI Ortholog,12,NA,NA,NC_056544.1,3748285,3755970,NA,plus,NA,8240,NA
121912774,2.0050002821131008,4.4717321907114614e-14,cdca7b,cell division cycle associated 7b,Thunnus maccoyii,southern bluefin tuna,PROTEIN_CODING,55536,NCBI Ortholog,15,NA,NA,NC_056547.1,19115109,19123881,NA,plus,NA,8240,NA
121905047,2.146992416635853,4.776800782738213e-14,cdca3,cell division cycle associated 3,Thunnus maccoyii,southern bluefin tuna,PROTEIN_CODING,83461,NCBI Ortholog,10,NA,NA,NC_056542.1,13923051,13925816,NA,minus,NA,8240,NA
121901363,2.1315603505205067,6.329852199094556e-14,obi1,ORC ubiquitin ligase 1,Thunnus maccoyii,southern bluefin tuna,PROTEIN_CODING,79596,NCBI Ortholog,1,NA,NA,NC_056533.1,27785025,27790068,NA,minus,NA,8240,NA
121880806,5.364102050574206,8.751726234057141e-14,LOC121880806,extracellular superoxide dismutase [Cu-Zn]-like,Thunnus maccoyii,southern bluefin tuna,PROTEIN_CODING,NA,NA,2,NA,NA,NC_056534.1,17061101,17064469,NA,plus,NA,8240,NA
121882087,2.090072456758406,1.093067053885512e-13,esco2,establishment of sister chromatid cohesion N-acetyltransferase 2,Thunnus maccoyii,southern bluefin tuna,PROTEIN_CODING,157570,NCBI Ortholog,17,NA,NA,NC_056549.1,24228038,24243754,NA,plus,NA,8240,NA
121892094,2.0243534091437985,7.918247907751625e-13,LOC121892094,protein downstream neighbor of son homolog,Thunnus maccoyii,southern bluefin tuna,PROTEIN_CODING,29980,NCBI Ortholog,24,NA,NA,NC_056556.1,19968204,19977377,NA,minus,NA,8240,NA
121913999,2.6528082784518117,1.6595971791461387e-12,kif6,kinesin family member 6,Thunnus maccoyii,southern bluefin tuna,PROTEIN_CODING,553436,NCBI Ortholog,16,NA,NA,NC_056548.1,25403920,25476627,NA,plus,NA,8240,NA
121907618,2.9222215718965536,2.069498129978075e-12,wnt6b,"wingless-type MMTV integration site family, member 6b",Thunnus maccoyii,southern bluefin tuna,PROTEIN_CODING,7475,NCBI Ortholog,11,NA,NA,NC_056543.1,10736924,10769172,NA,minus,NA,8240,NA
121912102,2.0221585052802213,2.7726796487991325e-12,kif16bb,kinesin family member 16Bb,Thunnus maccoyii,southern bluefin tuna,PROTEIN_CODING,567045,NCBI Ortholog,14,NA,NA,NC_056546.1,20962217,20986187,NA,plus,NA,8240,NA
121895853,3.1161586185455006,4.2862596250715226e-12,ccn5,cellular communication network factor 5,Thunnus maccoyii,southern bluefin tuna,PROTEIN_CODING,8839,NCBI Ortholog,4,NA,NA,NC_056536.1,28740856,28747414,NA,minus,NA,8240,NA
121902526,2.0843350934684284,4.996842286768192e-12,slc49a3,solute carrier family 49 member 3,Thunnus maccoyii,southern bluefin tuna,PROTEIN_CODING,84179,NCBI Ortholog,8,NA,NA,NC_056540.1,29375956,29394037,NA,minus,NA,8240,NA
121882329,3.526805042978203,7.840307801178773e-12,mfsd2b,"MFSD2 lysolipid transporter B, sphingolipid",Thunnus maccoyii,southern bluefin tuna,PROTEIN_CODING,388931,NCBI Ortholog,17,NA,NA,NC_056549.1,10765053,10784625,NA,minus,NA,8240,NA
121886068,2.745005388720358,1.8664125492371414e-11,smad7,SMAD family member 7,Thunnus maccoyii,southern bluefin tuna,PROTEIN_CODING,4092,NCBI Ortholog,19,NA,NA,NC_056551.1,18249172,18267697,NA,minus,NA,8240,NA
121884354,2.3322728948476397,2.3976612195717957e-11,spc24,SPC24 component of NDC80 kinetochore complex,Thunnus maccoyii,southern bluefin tuna,PROTEIN_CODING,147841,NCBI Ortholog,18,NA,NA,NC_056550.1,6888602,6891622,NA,plus,NA,8240,NA
121886384,2.08618443897912,2.44913063989091e-11,slc16a3b,solute carrier family 16 member 3b,Thunnus maccoyii,southern bluefin tuna,PROTEIN_CODING,327276,NCBI Ortholog,20,NA,NA,NC_056552.1,28050307,28068909,NA,minus,NA,8240,NA
121911935,3.2555867664028684,2.529886443793367e-11,slc24a3,solute carrier family 24 member 3,Thunnus maccoyii,southern bluefin tuna,PROTEIN_CODING,57419,NCBI Ortholog,14,NA,NA,NC_056546.1,27981628,28106645,NA,plus,NA,8240,NA
121901593,3.834108371979812,1.1672649773039222e-10,fat2,FAT atypical cadherin 2,Thunnus maccoyii,southern bluefin tuna,PROTEIN_CODING,2196,NCBI Ortholog,8,NA,NA,NC_056540.1,30555749,30671702,NA,plus,NA,8240,NA
121907527,2.028120831897705,2.1314669350450062e-10,spc25,SPC25 component of NDC80 kinetochore complex,Thunnus maccoyii,southern bluefin tuna,PROTEIN_CODING,57405,NCBI Ortholog,11,NA,NA,NC_056543.1,17601319,17606235,NA,minus,NA,8240,NA
121895716,6.907494723249209,4.3046683372852e-10,LOC121895716,cadherin-2-like,Thunnus maccoyii,southern bluefin tuna,PROTEIN_CODING,NA,NA,4,NA,NA,NC_056536.1,22690072,22711768,NA,plus,NA,8240,NA
121903756,2.021909612609557,1.435318492039044e-9,LOC121903756,GTPase IMAP family member 8-like,Thunnus maccoyii,southern bluefin tuna,PROTEIN_CODING,NA,NA,9,NA,NA,NC_056541.1,1719586,1738218,NA,plus,NA,8240,NA
121900230,6.443710319090709,3.1611751688094177e-9,kank4,KN motif and ankyrin repeat domains 4,Thunnus maccoyii,southern bluefin tuna,PROTEIN_CODING,163782,NCBI Ortholog,7,NA,NA,NC_056539.1,25558189,25642690,NA,plus,NA,8240,NA
121900244,2.1055614740036512,7.1117386109947446e-9,LOC121900244,cadherin-2-like,Thunnus maccoyii,southern bluefin tuna,PROTEIN_CODING,NA,NA,7,NA,NA,NC_056539.1,2270362,2369788,NA,minus,NA,8240,NA
121912769,2.9304335699283315,1.7596894226049117e-8,cxcl12b,chemokine (C-X-C motif) ligand 12b (stromal cell-derived factor 1),Thunnus maccoyii,southern bluefin tuna,PROTEIN_CODING,799354,NCBI Ortholog,2,NA,NA,NC_056534.1,34231328,34244158,NA,plus,NA,8240,NA
121909378,2.3428698796724388,2.4321529658120797e-8,itga6b,"integrin, alpha 6b",Thunnus maccoyii,southern bluefin tuna,PROTEIN_CODING,541320,NCBI Ortholog,12,NA,NA,NC_056544.1,12065064,12080523,NA,plus,NA,8240,NA
121900750,3.26714857428827,3.864163638769602e-8,LOC121900750,selectin P,Thunnus maccoyii,southern bluefin tuna,PROTEIN_CODING,6403,NCBI Ortholog,7,NA,NA,NC_056539.1,13939238,13944827,NA,minus,NA,8240,NA
121909666,2.1027029620909885,4.334944929156769e-8,LOC121909666,Down syndrome cell adhesion molecule-like protein 1 homolog,Thunnus maccoyii,southern bluefin tuna,PROTEIN_CODING,NA,NA,13,NA,NA,NC_056545.1,22101808,22153710,NA,minus,NA,8240,NA
121911806,2.100052318459044,5.604495840408869e-8,cdh11,"cadherin 11, type 2, OB-cadherin (osteoblast)",Thunnus maccoyii,southern bluefin tuna,PROTEIN_CODING,1009,NCBI Ortholog,14,NA,NA,NC_056546.1,6404526,6498376,NA,plus,NA,8240,NA
121881382,2.056521102048455,5.643570131656265e-8,LOC121881382,V-set and immunoglobulin domain-containing protein 1-like,Thunnus maccoyii,southern bluefin tuna,PROTEIN_CODING,NA,NA,16,NA,NA,NC_056548.1,3152996,3158307,NA,plus,NA,8240,NA
121910238,5.150362850058988,2.5880193216347395e-7,rab38b,"RAB38b, member of RAS oncogene family",Thunnus maccoyii,southern bluefin tuna,PROTEIN_CODING,100007788,NCBI Ortholog,13,NA,NA,NC_056545.1,17821990,17828797,NA,minus,NA,8240,NA
121881575,2.2178555393196033,3.7425702731767513e-7,LOC121881575,dehydrogenase/reductase SDR family member 13-like,Thunnus maccoyii,southern bluefin tuna,PROTEIN_CODING,NA,NA,16,NA,NA,NC_056548.1,1217359,1226516,NA,minus,NA,8240,NA
121896667,3.142755681127157,4.994057244453207e-7,hapln3,hyaluronan and proteoglycan link protein 3,Thunnus maccoyii,southern bluefin tuna,PROTEIN_CODING,145864,NCBI Ortholog,5,NA,NA,NC_056537.1,8479771,8493191,NA,plus,NA,8240,NA
121910252,3.6684105214656677,1.298503449148173e-6,LOC121910252,adhesion G-protein coupled receptor G2-like,Thunnus maccoyii,southern bluefin tuna,PROTEIN_CODING,NA,NA,13,NA,NA,NC_056545.1,14675899,14677621,NA,minus,NA,8240,NA
121881943,2.6374625413665975,1.404432931573135e-6,clec11a,C-type lectin domain containing 11A,Thunnus maccoyii,southern bluefin tuna,PROTEIN_CODING,6320,NCBI Ortholog,17,NA,NA,NC_056549.1,1566610,1576883,NA,minus,NA,8240,NA
121895517,5.355390405851522,1.8350059872489216e-6,LOC121895517,solute carrier family 26 member 6-like,Thunnus maccoyii,southern bluefin tuna,PROTEIN_CODING,NA,NA,4,NA,NA,NC_056536.1,19463171,19479216,NA,minus,NA,8240,NA
121883699,2.4920464412359156,1.9842070951968115e-6,prkar1b,"protein kinase, cAMP-dependent, regulatory, type I, beta",Thunnus maccoyii,southern bluefin tuna,PROTEIN_CODING,767685,NCBI Ortholog,18,NA,NA,NC_056550.1,15337730,15404328,NA,minus,NA,8240,NA
121898305,2.638553578694701,5.340475235891376e-6,tppp3,tubulin polymerization-promoting protein family member 3,Thunnus maccoyii,southern bluefin tuna,PROTEIN_CODING,51673,NCBI Ortholog,1,NA,NA,NC_056533.1,40642219,40650638,NA,plus,NA,8240,NA
121909785,2.458178256725877,7.298643259772548e-6,smad9,SMAD family member 9,Thunnus maccoyii,southern bluefin tuna,PROTEIN_CODING,4093,NCBI Ortholog,13,NA,NA,NC_056545.1,17094025,17100735,NA,minus,NA,8240,NA
121881574,2.2449987677976297,1.5019060127087635e-5,LOC121881574,dehydrogenase/reductase SDR family member 13-like,Thunnus maccoyii,southern bluefin tuna,PROTEIN_CODING,NA,NA,16,NA,NA,NC_056548.1,1207007,1214349,NA,minus,NA,8240,NA
121881185,2.041356857818062,1.793247215212135e-5,LOC121881185,tumor necrosis factor ligand superfamily member 10-like,Thunnus maccoyii,southern bluefin tuna,PROTEIN_CODING,NA,NA,16,NA,NA,NC_056548.1,10380074,10386933,NA,plus,NA,8240,NA
121888964,2.8779741419354634,2.380697988804535e-5,cdca9,cell division cycle associated 9,Thunnus maccoyii,southern bluefin tuna,PROTEIN_CODING,100151622,NCBI Ortholog,22,NA,NA,NC_056554.1,9254744,9257969,NA,plus,NA,8240,NA
121881013,2.4611912055258047,6.294798664647995e-5,hmx1,H6 family homeobox 1,Thunnus maccoyii,southern bluefin tuna,PROTEIN_CODING,797503,NCBI Ortholog,2,NA,NA,NC_056534.1,28742854,28745815,NA,minus,NA,8240,NA
121889848,2.6310116072038006,9.896287898033252e-5,LOC121889848,"NACHT, LRR and PYD domains-containing protein 1 homolog",Thunnus maccoyii,southern bluefin tuna,PROTEIN_CODING,NA,NA,22,NA,NA,NC_056554.1,18173555,18176971,NA,plus,NA,8240,NA
121882467,2.846789298977945,4.0528965210048556e-4,paqr8,progestin and adipoQ receptor family member VIII,Thunnus maccoyii,southern bluefin tuna,PROTEIN_CODING,368254,NCBI Ortholog,17,NA,NA,NC_056549.1,7893792,7896567,NA,minus,NA,8240,NA
121910764,3.3395842125269515,4.238562427943984e-4,ftr83,"finTRIM family, member 83",Thunnus maccoyii,southern bluefin tuna,PROTEIN_CODING,565972,NCBI Ortholog,13,NA,NA,NC_056545.1,26396050,26402310,NA,minus,NA,8240,NA
121912558,2.546910877632324,6.420175343339493e-4,LOC121912558,"solute carrier family 2, facilitated glucose transporter member 1-like",Thunnus maccoyii,southern bluefin tuna,PROTEIN_CODING,NA,NA,15,NA,NA,NC_056547.1,4904146,4929230,NA,minus,NA,8240,NA
121905775,2.5461484076481216,0.001324039061118784,LOC121905775,CCN family member 3-like,Thunnus maccoyii,southern bluefin tuna,PROTEIN_CODING,NA,NA,10,NA,NA,NC_056542.1,21183970,21188282,NA,minus,NA,8240,NA
121898909,2.848939877009999,0.0015145502968262946,LOC121898909,dehydrogenase/reductase SDR family member 13-like,Thunnus maccoyii,southern bluefin tuna,PROTEIN_CODING,NA,NA,6,NA,NA,NC_056538.1,2162757,2168021,NA,plus,NA,8240,NA
121906810,2.976472557189258,0.0016298948506197454,edar,ectodysplasin A receptor,Thunnus maccoyii,southern bluefin tuna,PROTEIN_CODING,10913,NCBI Ortholog,11,NA,NA,NC_056543.1,13792386,13840261,NA,minus,NA,8240,NA
121898961,2.944850950880489,0.0025528651579210908,rasl12,"RAS-like, family 12",Thunnus maccoyii,southern bluefin tuna,PROTEIN_CODING,51285,NCBI Ortholog,1,NA,NA,NC_056533.1,5022840,5028363,NA,minus,NA,8240,NA
121895124,2.3884530300681517,0.002709116669306603,cdh26.1,"cadherin 26, tandem duplicate 1",Thunnus maccoyii,southern bluefin tuna,PROTEIN_CODING,571792,NCBI Ortholog,4,NA,NA,NC_056536.1,22684648,22689657,NA,plus,NA,8240,NA
121910803,3.1473850466565945,0.003926099801880665,pcp4a,Purkinje cell protein 4a,Thunnus maccoyii,southern bluefin tuna,PROTEIN_CODING,386848,NCBI Ortholog,13,NA,NA,NC_056545.1,27775748,27798013,NA,plus,NA,8240,NA
121887188,2.781533247502371,0.004183810411311871,LOC121887188,NADPH oxidase organizer 1-like,Thunnus maccoyii,southern bluefin tuna,PROTEIN_CODING,NA,NA,20,NA,NA,NC_056552.1,19060957,19065331,NA,plus,NA,8240,NA
121883941,2.246021785993274,0.004192978588013543,LOC121883941,cell death-inducing p53-target protein 1-like,Thunnus maccoyii,southern bluefin tuna,PROTEIN_CODING,NA,NA,18,NA,NA,NC_056550.1,19521684,19523598,NA,plus,NA,8240,NA
121905933,3.0939760823547573,0.004838891085473108,LOC121905933,hepatic lectin-like,Thunnus maccoyii,southern bluefin tuna,PROTEIN_CODING,NA,NA,10,NA,NA,NC_056542.1,21386069,21391355,NA,plus,NA,8240,NA
